purchase_freq_month,avg_basket_usd,time_on_site_min,discount_sensitivity,returns_rate,noise_gauss,noise_uniform
11.152508210787545,181.30083391984604,33.56403569685912,1.0,0.8,-1.806578022582721,-2.5169049427952737
12.05345138939527,178.63727218703323,35.43208115984477,0.7849736585263329,0.0,0.6451289099528217,2.1154601538819517
2.2030063199423315,450.1852984993201,7.030757266387187,0.8982969813922822,0.0,-0.047406155653532,-0.7241727881154265
4.233313664258909,89.00634193202802,10.834453163543014,0.0,0.8,0.9016999393447552,-2.9740257564879267
1.7167989728067037,449.77398218350186,7.254548167000436,0.0,0.0032785999416231,0.3860132711574935,2.424521596892093
12.596679674010865,179.1976899215038,35.40225615034581,0.4764593009094944,0.8,-0.1685391521642074,0.6443656176725927
1.89318719944856,450.2558281113787,7.634760127370495,0.1171242502107128,0.0,0.3592367889211445,-1.1407333196489102
3.338033102848784,450.0677322435028,6.64936258176179,0.7317519394826231,0.8,-0.3349451165511325,2.1813383536504567
4.359937445246233,88.2339226963134,10.130213292830206,0.0,0.0,-1.299654890346596,0.2605002026928464
2.2732618459128333,448.6202258594429,4.22911698410461,0.5563662107708635,0.8,1.7937555836110275,-2.7036421156647847
1.9681306921069277,452.2843864545399,5.34156945017266,1.0,0.0,0.4989732109470697,2.816414219742157
11.764522907430566,179.9095793252096,34.844841629989055,1.0,0.0,0.1436292223344759,2.344273622164727
4.975144744872237,90.2410236226698,10.365179654510092,0.0,0.0,-0.5680201816486038,0.9495218174416292
5.628623866914931,91.69276335760505,10.07172021511748,0.0,0.8,-0.5715419555474941,0.697897941440305
3.885469194751514,89.50561143033026,11.135165035778064,0.0,0.0,1.812597136683181,-2.6745946067170023
5.8872648361953175,90.9819915067007,9.74636716795442,0.0,0.0163963062244128,-0.1368426464828987,1.7888642815730913
12.332449058232855,180.9026662449368,34.83309802522772,0.1298264491134615,0.0,-0.0412095222146802,1.5607962494717498
11.902699889654384,180.612134752635,34.51917605734443,1.0,0.0,-0.474994827385466,-0.8643009027088082
0.6595995051043677,449.80592604879433,6.91069659024082,0.0,0.0,0.8506439108483538,-1.2793996985519471
5.578650285642077,90.62599589716962,8.630893175942399,0.3603414012661671,0.7868614537929475,0.3933716249984028,0.0966638523589016
3.365687512341993,90.56824549489636,9.973175724856835,0.479442492458672,0.1009939055838586,-0.9583139060124044,0.822665094129003
11.789563504395971,180.09071633179676,36.1001335836967,0.3609049361443471,0.2243754456369905,-0.7427869547656741,-0.5355511787783866
1.6614166721605708,450.4780303727695,5.547402180160309,0.0,0.1403505338264975,-0.4994386758509125,0.3842327964267795
2.051136038610444,450.1056153428573,5.321320664118992,0.0,0.8,1.1882998114164756,1.632366377367644
4.564591775289968,90.3442266838846,10.229368602876086,0.0,0.0,1.2189158042159922,-0.2031162675892641
9.744941086398242,178.0910373204126,35.26166373835169,0.0,0.8,0.8666492879299849,0.0289293033905151
1.919143599005729,450.3188404996656,4.119035342250414,0.0,0.0,0.6548630849716487,0.0413428458390008
12.370888166533405,179.83171052950567,33.91783963978688,0.7626451858265693,0.0894380991042904,-1.2329508614266431,-0.2685767762807396
9.947044600571273,180.00709473606034,36.39152637387712,0.0,0.0,-1.793822156207981,1.130915343262953
6.695809753865548,90.82824762449782,10.379906651968913,0.6274644015456117,0.8,-1.16904025740825,2.8715111988570463
2.6785912236670653,450.771615663944,4.845842033200933,0.0,0.0122387336750175,-0.4930463938008498,-1.40327064650252
1.5897970764261105,451.4702692997562,6.550924524829099,0.0,0.0841678230748713,0.4243451601456343,-0.8784240570953754
2.0194272221382072,451.7892845882221,6.086883280144377,0.9408532339769408,0.0,-0.1436601960988173,0.8291472727438958
4.810870477634939,89.79349008495645,9.218695904836752,1.0,0.0,-0.1731990396352933,-0.0391300119847395
5.012252258154737,91.20927454648636,9.88205658336783,0.0,0.8,-0.9702458685962108,2.4488912904186924
2.914404329536011,90.24477631749149,8.83854216018282,0.0,0.3509835797896407,-2.5725997425295635,-1.1659769086547025
11.611792713472056,179.28690417713256,35.54863096823249,1.0,0.7272450569008437,-0.4798875585755872,-2.2663846895552764
12.296657697768106,180.91214265943216,36.99067088792543,0.0,0.8,2.076293249965512,1.6285947755649524
2.43829612099345,449.3525785791645,6.152364075549233,0.0,0.8,-0.0281334187924777,-1.9313715943742016
5.915142906440974,90.27807965869611,11.440522460901674,1.0,0.621601804826516,0.738135593313482,1.170408264931143
4.814302909386431,90.613242364139,10.695636658672097,1.0,0.0,-0.5146193212005454,-2.874780192673503
5.127736185355388,91.3824377505834,9.565395500281198,0.0,0.0,0.4652410350108474,-0.2079806288290364
1.842165656529576,450.18713824892615,6.433123030153031,0.0,0.0,-0.0431209732819231,0.4482438106677806
10.684108588746549,182.22160645888195,34.60934602445499,0.9844118634134232,0.0,0.7896976860444387,1.4468234015708346
3.2844473636421583,88.25879402489694,9.937836584213777,0.0,0.0,0.6712824530571758,-1.3277886918713242
6.275563620407037,90.5579378290089,10.082124678853411,0.0,0.0,-1.055231515908019,-0.6077327057619639
10.881406761923971,179.11201570552933,34.831614630093426,0.0,0.0,-1.083263906220334,-0.0312680856395832
3.967813339454369,89.52014877787624,10.68909764259958,1.0,0.0,2.0806836292555286,0.1113944128010437
10.39265126503352,179.34243575248212,36.13323748804872,0.0,0.3206404271927471,-0.0848378944357644,2.127381645953574
11.549366185993508,180.75546179562787,36.43317623047356,1.0,0.0,-1.453603428993213,-1.6584542002826586
4.447569933018264,88.87829447229466,8.91326673771145,0.0773128075612602,0.0,-0.0584303190817458,-1.9020143734965227
2.3070784277416423,449.2406077230556,5.434356747949914,1.0,0.8,0.7631237604702044,1.9083523722600304
3.808145279141696,87.78310487607634,10.391074674594348,1.0,0.0,-0.2367349664879515,-0.2202517861604418
0.4935905023497822,449.5208937496189,5.702297905555736,0.0,0.0,-0.4406134372133095,0.3306453453209177
0.5609488800774469,451.6848146010024,5.386477710545659,0.0,0.0,0.0767305545068914,2.2584143373728924
13.784950376089911,181.292455259912,33.46008014960838,0.0,0.0,0.7082420686617588,-1.8704255599408817
3.921188285773496,89.70583009002993,9.175967075815084,1.0,0.0,-1.357299224243541,1.7123189764584152
4.505168670815831,89.10527257886257,10.312559468282156,0.0,0.0,-0.462951200512228,1.6328634555794252
3.4546852259524243,90.16436308184676,8.931027457363399,0.0,0.0,-0.5498220506969933,-2.794959055770284
3.624937750082293,90.65024338271346,9.937017138046851,0.6383965619330934,0.8,-0.0887217242433044,-1.4843170402436026
5.754714159453774,90.80013033632676,9.632030312017315,0.0,0.0,1.1611635525284525,0.7811183193603615
3.0551344322894383,89.97336836442123,11.185896833963277,0.0,0.5799336423253099,-0.5174352098754834,2.1603764184750336
10.883390285887009,180.64578475907183,34.94371469742547,0.0,0.8,0.8771758952864042,0.2737029961486783
1.950013746152828,451.4735753853695,6.734861137317759,0.0192524026192567,0.0787140209747464,-0.7598694880578435,1.5924581424185114
0.7476911771216668,452.7338169960731,6.087621835652803,0.0,0.8,-1.0192235000683472,-2.4073461019875837
12.737389350595157,179.7002532182362,36.96417852437593,0.5166486970789734,0.8,0.5020991677408834,-1.8140571490822648
10.890961329598888,179.95473072997336,34.46800424920212,0.5175774522613982,0.8,-1.314455723651086,0.1674665165433753
12.516812983448265,180.98438052291863,33.3663722748155,1.0,0.0,-0.7537452546921855,-1.820687462320991
0.8699797661063438,449.8726550995418,7.795889984259782,1.0,0.8,-1.4753985408070371,2.1479245248786185
11.935835237944698,179.6674673922808,36.36232500846613,1.0,0.0,0.1342859714020139,0.9442822071467488
3.8519323325246777,90.08566212141564,11.883118138481152,0.0,0.8,-1.396927623068831,0.0227104393676116
12.38899425444276,180.17471578273708,34.415870810588075,0.0,0.0,2.4969436648552343,1.2954639491685285
11.016177277434824,178.09392673862078,34.76608815021031,1.0,0.0,-0.3282066354846729,2.230338661354116
11.955533759038916,179.47830916235344,34.63452324907084,0.6928965676162597,0.4577951790143848,0.4032771462003566,0.269898684128921
12.877212684617398,180.20398775232567,33.83791026535602,1.0,0.8,-0.3218112221527367,0.9217523332172312
1.6301423059935425,449.45971228534336,6.660524856116405,0.0,0.0,0.7003940426784601,2.2060197449677625
2.3270937633792617,450.0206049463013,5.854608336873543,0.0793280209126091,0.0,0.8868167330226226,-0.837228122674146
1.5317444893677403,450.2613740392052,6.486926341403346,0.0,0.8,-0.4488134014695457,2.99502048780828
2.6631568726088544,448.92532753757183,8.027354043342992,1.0,0.8,1.347927385215815,-1.7059540351253897
3.227679510048945,451.9415973004113,5.153805431987214,0.91840070521748,0.0,-0.7035247510668996,-1.3277245412529208
3.3549227873978245,89.5570428174033,10.21185498281272,0.0,0.7810907845469998,0.6437225865717631,1.3412655832012277
2.012357276204369,449.90114934485285,6.062607008408269,1.0,0.0,-0.9021480304162288,2.8518905236917567
3.66054047323491,89.4942462016138,9.14937332988304,1.0,0.0,0.8434707596203748,0.7533614183744142
1.5141061940806968,450.3549727510341,6.093661309368006,0.8094731506974369,0.4423160518160398,0.0464386808243152,2.493668869115279
0.8843818579156011,450.0380521443152,6.072685010483138,0.0,0.0164071304715952,-1.4304932897410327,-0.076164634318065
2.9572705326023843,450.2287356998352,4.486018155010335,1.0,0.0,-0.7231643857323173,-1.9083915427923608
5.097841469882844,89.82440620453245,9.99252755985387,1.0,0.8,-1.3835419338759447,-1.7953264628284973
12.849169161820663,179.36016341590476,35.373340257539105,0.0129938356417944,0.0,-1.411293926430384,2.568018612969828
0.4122178908057687,450.57929340425073,6.092725828180802,0.653968581846825,0.0,0.2106460199948328,1.0444790351317694
2.1027771700899827,450.0632900615337,4.596130888098414,0.4236066565509092,0.8,-1.0300671229984777,-0.1420292933523694
1.118975275140595,451.1209920616913,5.415741192388859,1.0,0.8,-1.0914794378498789,-0.879175655877412
0.9376625184722376,450.6284489347852,6.940177373548354,0.0,0.8,0.2505042210560154,-0.4871569320313282
3.432509246957561,89.92529338485372,11.064472756489865,0.3492099071608893,0.0,-0.4523695775491173,1.2089980507591704
10.881794315927008,180.01964629497846,36.32961206284576,0.5018439959500075,0.8,-0.5170998308602254,-1.3734898858740812
2.28013620029492,90.44194055436915,9.981032995493642,0.0,0.8,0.7274709603511975,-0.0826051460336998
3.316068239153052,449.3996660909946,7.096150767841317,0.5903671935835157,0.0,0.8224565323864753,1.1505220811619503
12.786550660034475,179.9984861680115,37.24318744654177,0.0,0.0,2.528304892354332,0.7387555963994359
5.577695916123935,92.45488750957654,10.164556491769613,1.0,0.0,1.901008564020016,1.1636281964256725
0.532966867635142,449.19229752001934,5.44137642584036,0.0,0.0,0.629805505537881,-0.6675580775691223
12.163462363486282,180.02079633293786,34.668024741294964,0.3011807846815745,0.8,2.1289933961577074,0.6838958363043077
2.742047799129935,449.578330173286,5.569628066634599,0.4266826935592831,0.0,-1.0248368360202085,1.0223897685991687
11.14153853023458,180.5906358181643,35.61137789641305,0.1958162871606195,0.8,-1.019546934742898,-2.848994875462253
2.375279846800642,92.03150945805538,8.926640387183411,1.0,0.0,-0.0618749810010252,-0.5036037918628393
2.0373107769513523,450.3591859343481,7.164835378018587,0.686117147397804,0.8,0.7265139716335877,1.43170106885945
3.0644885210043222,89.56186457327756,9.051659431912764,0.115839125146012,0.0,-0.4546484922348735,0.213422762380806
0.3086231215976815,451.0865538008184,7.251832149992141,0.006968168355015,0.8,1.295097934719562,-1.0417317963629045
1.1020875528148404,448.7514724900688,7.359415637052789,0.818501708296073,0.8,-0.4880998762852943,0.6282854491675178
11.411567426198427,179.47422027537277,36.05500667542944,1.0,0.8,-0.2013376013277114,-0.206408347219297
2.0831128189224373,450.88165755425206,5.365770522480771,0.2243624537652264,0.7093756587326586,-0.9484538196862444,2.967371070063333
0.55494826673934,450.9122264901165,6.158257242557032,0.0,0.0,0.5846803140055724,1.0968463428844837
1.526098970393004,447.43584524922977,6.322876924682307,0.0,0.8,0.3078323961049381,1.0587416811725383
1.2913058797434611,450.33468130754926,4.55258433234062,1.0,0.0,-1.079650778160874,0.1117937681008891
10.116196968565374,179.34811670201395,36.63104906067901,0.0,0.8,-0.3398686459429169,-2.083894593673897
13.270742043827724,180.6225857324292,34.52428987934235,1.0,0.7220174700208037,-0.039078702380517,-1.6893219080941726
1.0036552256971518,451.5078949292986,6.119925532677461,0.0,0.055592458906799,-1.0002921887488103,-0.1968878593573184
5.335861590003551,90.62113845718436,11.390768970010487,0.2092009404681376,0.1609390267751554,-0.0597621530401233,-1.5760329912132265
3.953496151729301,89.35065494784668,9.933013168414714,0.1437278540887255,0.8,-1.1970008239099188,0.95937426578228
4.308279159964591,90.2297511397857,10.76884530353726,0.0,0.3706054450621261,-0.6569660120838664,-0.4793948531169287
11.668778816399811,178.98895799331902,34.304859417075185,1.0,0.3845358988584145,-0.2110678482882198,-2.98024930766909
9.986611699374505,178.27391447898725,35.5065223174424,1.0,0.4950744746323427,0.1519412970307121,2.0516539529968423
2.042933367820462,450.7378256242957,6.295746387665634,0.5457038840845045,0.8,0.2154247625872182,1.1289750113253063
2.549783201181066,452.5048530522984,7.8196209187723165,0.2757414479146505,0.8,-0.2050571614730708,-0.2221773328923046
1.476856815681415,450.109834297685,5.4213553466118105,1.0,0.0,0.8735528875145747,0.9082790021734688
12.341741980463995,178.56078129881865,34.14738183256136,0.976572133586394,0.0,-0.8963536806042449,2.700303645417604
4.054402033819224,87.31553601035962,10.211421278252867,1.0,0.3764209654278775,1.122461244678871,-0.8497225092586227
1.0406172726115162,447.5931864169041,6.986526055536198,0.0,0.0,0.7727368905794929,2.9893608974423485
12.791806291591868,181.0206750620018,33.95887005425886,0.0,0.0,1.6501957099666411,0.5624498358989962
2.964991252171534,449.8219705638948,9.20735646738547,1.0,0.8,-1.255534594943032,1.0773453137468003
11.32817688744105,179.2836227139153,34.42854719712905,0.9963706892846108,0.0,-0.2521787223712057,-0.3171019924763687
4.717733764641885,90.27500649726026,10.226545620887142,0.2512399841253089,0.8,-0.8729849828118563,0.776429166078695
12.630777376111377,178.98175864892562,36.58575869806158,1.0,0.8,-0.3259747755202678,-1.537603150267579
4.517333719194571,90.6231559743022,11.453622666710997,0.5604361587467327,0.0,0.3135358042568409,2.210006973178188
4.277529276811633,90.31507726512592,10.139079741938916,0.6491682993832899,0.4006934352167165,-0.8689672585247378,0.2059059482639496
3.483594091415364,90.21601920746193,10.07156773993303,0.2941371980132691,0.0,1.8298476926099327,2.496254284684511
1.1746232014967528,451.6644376808986,5.655467563622476,0.0,0.0,1.155528477439968,-0.2537419909026717
11.692074695295998,181.88168131206112,35.78756478496685,0.2793277409200206,0.8,0.3832620007971421,0.6156178492392899
1.759892055955298,450.6598060815499,4.484355068040234,0.0,0.0,-1.282085211731253,-2.805164533815945
0.6825203007911955,450.20915271675153,6.804708711834032,0.0883349398827282,0.0,-0.7237364647669321,-0.3928536290947981
4.319934855241179,88.62444819090487,9.835232023649866,0.1399039809709313,0.0,1.1231239963335091,-0.8361291828844029
2.9915712491675275,90.51715894320856,10.485411305843932,0.0,0.0,0.3487403376246689,-0.9992234180313782
5.085715050744774,89.90402762014945,9.319049265951268,1.0,0.7692509989996849,-1.384885491588088,2.7740598462954287
3.840178082644756,450.6952823549624,5.736539273307645,0.5819405506139598,0.0,0.3932078968712744,-1.785324561809423
13.522392177796709,180.44185050159885,34.01476959018899,1.0,0.8,-1.3470646449536745,-2.783030328613287
11.363234843866062,178.02122926331123,35.90809098944692,0.0982638523306127,0.0,1.1242581787187216,-1.0924099332421635
1.7746218261921958,90.24641380337192,10.3870932076149,0.0,0.8,1.0383278646239018,1.4256522887935166
11.404202457125262,180.95955265791568,35.00487285340115,1.0,0.0,-0.0927221340566928,-2.2716202516534425
0.9364033009695718,449.0609010086607,7.026254892082849,0.8134879753331089,0.8,1.0276629213793789,-1.335204112170551
12.81708411554736,180.98319820696625,35.29982295376593,0.3739926211072668,0.2648853448656819,0.0413993447086512,2.0173421464475227
12.246227949022586,180.78337931543635,33.681829513022414,0.0,0.8,0.0660333428154245,-2.312025059111134
11.976308647539268,179.03021160711694,33.16205549494357,0.0,0.0,-0.8108918354562137,2.6514365662297648
2.865772553416549,90.03777662125825,11.763368265746738,0.0,0.0605220697657747,0.467238552257646,0.8594421475525538
3.954105752325651,88.6808606048275,10.285227664635824,0.1729146821678353,0.0,0.0769592555394464,-2.1267915109591127
9.974113234768442,178.4241895428898,33.84402318294672,0.6194768455840861,0.8,-2.002141642686347,2.4426307254339745
0.1949898887258252,449.7272251269412,5.624922163679079,0.0248590015087074,0.6273935535177579,0.984956275408689,2.8139220340462847
1.8188230208333744,449.1961313641165,7.560527655682182,0.1391652134157746,0.2002438170170137,0.0371206613339084,1.7975570832546408
10.541531244776776,179.84127822923818,35.52861140246792,0.0,0.8,-0.9703582381774504,2.9422772124737406
4.193524433180167,89.20009884781933,11.137080966660058,0.0,0.0,0.1626706403846449,1.0443434104983655
11.65035544520135,180.08413660370582,35.806533880329894,1.0,0.0,-1.0193136644076195,1.550132695405768
11.877264075167284,180.8474970602959,33.69568904929117,0.0017229516489372,0.0,-0.3828787541397501,-2.8500984310058763
3.1439484586501845,89.18611552924406,9.889699205265796,1.0,0.0,-0.8696929456763255,0.883586057539222
2.771293253257967,89.15665514477384,8.861833428530083,1.0,0.8,-0.6004213861265097,-2.161690252550054
4.139753346145452,92.14665889399406,10.71774742260615,0.0,0.4697207763394275,-1.2292687175929946,1.3161673406857588
4.968747210539728,90.24402508753812,9.373076102249897,0.0,0.1755358981733621,-2.9189669047895643,2.162035755342261
2.796732884233899,449.96141390238654,7.797177896730222,0.7452435285427201,0.8,-0.0024566651710997,-2.314590642459316
2.4960069871558304,86.99410001462986,8.816804023603972,0.0862495139324466,0.0,0.410113189664428,-2.963772514474428
0.1,450.34740345223537,3.832648666244384,0.0,0.0,1.4795298479022556,-0.9335650827304888
3.1536664261132823,90.929165156496,10.03569733949278,1.0,0.0,1.0051185189369172,-0.0602622430728985
12.36956818203547,179.34195585343502,35.725512235426905,1.0,0.8,-1.3659649267180427,-0.070796544004259
10.49867189918854,178.5562833109393,35.31873249747227,1.0,0.0,0.4012447412555878,2.303853259491989
1.6336540489264455,449.40189366793936,6.802654419065394,0.1541470555824043,0.0,-0.8848266803577811,1.6639625053979596
11.67221547865991,181.5297523235285,35.3590614050965,0.0,0.0,0.8815412538956635,1.0408230016004874
11.639090831502118,181.19691021462688,35.43993572389324,0.0,0.0,1.270677823800267,2.0463915389394547
0.8074707129856669,449.5890733683942,4.282680946112917,0.0,0.0,0.1403509381050131,1.2879178352290586
13.324026042107592,180.87588234153532,34.77482608583129,1.0,0.8,-0.0402050599173726,1.4543849617187323
3.746664745902701,90.33234377635472,9.85937933396058,0.0,0.0,0.418516745065716,-0.7329608723819643
3.8029728997717314,90.473888124517,11.644662426363276,0.0264623168756427,0.8,0.9291880196207508,-1.6112464779660156
12.725066623729756,181.3432605592952,38.348156107692056,1.0,0.572258865647759,-1.576348333129311,0.3780805754092537
0.1,451.05211533144046,5.775016348885332,0.3289777645547458,0.5927731501109026,1.260855001354504,0.0109632405127095
4.636750380458965,90.17746552604795,8.342092067280111,0.0,0.8,0.5106396110250802,-0.3573426783281248
11.262503049654736,181.03709676767107,36.80527288728205,0.5104877963788728,0.512141128111533,1.967714870903435,-2.0317034283734587
11.767794341395833,180.4869512998153,35.17625038110717,0.2416125323748025,0.8,-0.3192077839343706,-2.43679867233175
1.691629148621845,450.8395347389481,6.749012766402876,0.0,0.8,-0.3346417162744664,-2.870427698224293
4.1197886628444325,89.0237312181651,10.647925193187112,0.0,0.8,-1.0571345405534942,0.9777180981090704
2.6558236720437893,90.754053186311,10.330948981613425,0.0,0.0,0.0794981046803276,-0.2351166703227001
2.904831610657949,90.36005229750072,9.376414797976048,0.0,0.7550918150119147,-1.3516610874842967,2.5696806052814427
9.972903913045307,180.4431279388492,33.54504902661044,0.5476760245461821,0.0,0.4671323119388646,2.455165854680798
4.447456485186176,90.24422527046582,8.720138020615323,1.0,0.8,1.0530417149762097,0.969445124339516
14.014859671011497,180.4149594220281,34.545817577161735,0.2062230478418501,0.0,0.3383654959176158,0.901275520281593
6.0871335586442505,90.91397919149529,9.045096955776142,0.5674247098380893,0.6241406173244338,0.8977055698538189,0.152802678809953
1.8260608315130125,449.766142830648,6.535332535563938,1.0,0.5120435417337327,1.5516600406948686,1.5493155341532443
4.487556359371984,90.07685910844184,9.8682533051993,0.0,0.0,1.769520625560124,-0.362786660552937
1.535889833968062,450.1206275687001,5.798695342654788,0.0,0.0,-1.421158835114704,-2.0123417553193894
12.889850178842714,179.3252243830661,34.40524700885051,1.0,0.204072229243707,-1.6307713621324609,2.5008920369911483
11.034529883788878,181.45387264855427,35.734355991008634,1.0,0.8,-1.13115770845097,-0.8651412647832455
11.56807242912023,178.98425005600544,33.60477930573204,0.0,0.8,0.1904172475397695,1.2213498613630884
2.4408512301635863,451.1258126614943,6.666984512105399,0.8496710808680993,0.8,-1.3155793060854408,1.324845764821129
4.265996102340079,89.512748570361,9.674663986084052,0.6514836088043465,0.0,1.3262821854334057,2.3265247818625685
12.520624830959465,180.81844034642285,36.04687973977595,0.0316141365048604,0.8,0.4079769582292107,-0.0793692549668136
4.540736805094301,90.57040911491023,10.560871122623444,0.0,0.0,-0.1424611012254673,0.4989107102262338
12.20700853248356,180.09090572086234,35.8662683883923,1.0,0.8,1.0167092725870146,2.843286108054929
1.6162192478023467,448.9923088441189,5.961545545181326,1.0,0.3070178079757932,1.332478266941523,-2.8014837177525576
6.1056254474375695,89.60711720462643,8.85892672334107,0.6302115815343179,0.0,1.2351967833607287,0.4908361292324557
1.536832811312912,450.074767702684,6.058307922293749,0.0,0.0,-1.1865489117811685,0.1778830907691455
11.210962273396916,177.23463750263303,34.47418284445388,0.0,0.0,-1.2931771539207555,-0.2793058504651862
4.672293993552882,88.09871766009883,11.45293402567219,0.0,0.8,0.6828519014883224,1.9761778641580463
13.408404496226352,180.90947856100027,34.17693381768729,1.0,0.120657311937321,-0.2260348396007661,-1.1136059280386552
12.135640141864991,180.6347153287429,34.19107037930846,0.9602167234070312,0.0,1.4362426260584713,-0.6659729913185406
3.3803142405476674,90.7857365717522,10.369505442208858,0.0,0.0,1.3861986103693464,0.2616270188689045
3.210104194849488,90.80726475741233,11.210925765003678,0.0,0.0,-0.601260065293498,0.4351833292677236
0.6703094533371639,449.5500070861728,4.8567853077805045,0.0,0.8,-0.8760037576278852,1.5583265695256117
11.87060633170135,180.21696988381828,33.6809980747775,0.0,0.8,-0.013122320115508,1.5443159557414567
4.279119232628512,90.31449090906835,10.926998319644667,0.951107511691851,0.7429751416722563,-1.9935478977200591,1.121154471205524
12.543111675549232,179.35475533703422,35.14145051562426,0.0,0.0,1.4771424942721652,0.7288774928578996
11.97486247433378,180.69124898031683,35.67254151761218,0.4951795871161278,0.4413989514822691,-0.3503287534026109,-2.061683523008682
3.0288181985130667,450.7103417945339,4.004058866889068,0.0,0.0,2.2280906672094307,-0.4840364052542898
13.091938885541673,180.5507939179372,33.42551783845351,0.8393065670219925,0.0,-2.369510976600721,1.8399316034121755
0.1,448.87483828130775,6.287821714458937,1.0,0.0,-2.310991451591391,-2.3753828401889434
3.83472536970694,450.9491974932401,7.280579106922174,0.0,0.0,0.5297508726969924,-0.3834164111140707
13.138154234894614,180.31222272549377,37.143522490579,0.0,0.3680489733599347,1.0861423803361892,0.8805593813559387
10.45921540739812,177.97013089978648,36.15536307831637,1.0,0.0,0.781399491846886,0.1026381248221337
1.8543811979873297,451.77346145329886,6.04180154866345,0.314909728690267,0.8,-0.119467718784688,2.739745248550012
2.6375376421660945,449.2282181955546,7.351664934220523,0.0,0.5471631623657918,-0.9369753780348924,-1.6060260841365044
13.523756440034951,180.9149467751145,34.3005005419025,1.0,0.0,1.4529172622231548,1.818811878891449
1.76825329416097,89.6313599661049,8.827815014681498,1.0,0.0,-0.0545353677938899,-1.2412993190240849
2.753480940803776,450.7978047501919,5.8705036634914425,1.0,0.8,-0.6489905011243944,2.705685944602184
4.178538535594749,90.53033640110878,9.727844799640156,0.2897568078356902,0.0,-0.2821740081326854,-2.4615523360098672
4.199792874182015,88.48472680916719,9.693552024438777,0.6556152193377154,0.8,0.8118927040606795,-2.9194389437423784
12.419273931264616,180.15718708666307,35.59567980704284,1.0,0.0424928090148795,1.291623550692082,2.720811350477055
2.5921610354751112,449.8503274606935,4.751165163222277,0.0,0.8,0.7817043996220417,0.0820570671709202
12.481528709967485,179.46820545856352,35.31664176198903,0.0,0.0174233338430119,1.0338292637047044,-2.258327411224606
11.288818839005089,181.963056981456,35.90915530776438,1.0,0.0,0.0804524286105967,-2.1102328568718693
13.696922492794014,179.9866263274793,35.28498576692977,0.0546136048573785,0.0,-0.1511900300764966,-1.7079373620164715
1.394339332773426,450.0719067281841,5.338446608988331,0.4205337975762904,0.8,0.7565063997832633,1.9282073757955391
12.349204483402668,179.56069608992257,33.44518131822032,0.0,0.3881450744865005,0.4026955901922318,-0.6210876269914758
2.9558808077910155,89.13664162322745,11.125567509253951,0.0620244580042411,0.8,0.429681858382687,-1.4936361516264578
3.0947786320026074,449.0270770370947,4.938550638626798,0.303039520232551,0.0,-1.2724598322848892,1.2927413419931506
2.821204347792673,90.55679324869192,10.997661152039878,1.0,0.8,0.1120659136090544,-1.5353242273599517
2.556374707903988,87.14497090678185,9.129964577723705,0.0,0.0,0.3980755084343984,0.615900862896626
3.861781000363578,449.4340127812216,5.769367057925153,0.0,0.7820609794386149,0.7816973346031786,-1.321822870152917
0.6347799758978878,451.1390338453336,8.073335436692915,0.9263692848944914,0.3068685442707313,2.8633171492122447,-2.0615082881651943
1.1435919772839522,449.7799495707644,5.906418524608199,0.0,0.0,0.3959630889396184,0.6310121106783209
2.849143184311978,450.1255034637375,6.760463132228841,0.0,0.6317169610195,-0.3591296821192303,0.9147830066174656
0.1,449.6913653919826,7.047569379250975,0.0,0.8,1.0382654716936646,0.1513331209630735
1.905069992484038,450.8518256767706,4.6484405804365245,1.0,0.8,1.9246585808741168,2.463776875019792
1.7747663123211856,451.0952739697552,6.132746653267658,0.4142009328158924,0.0,0.7550083864908005,-1.7044937152385795
1.678878431395912,89.41894859972595,8.260556761701682,0.0,0.0,-0.5981383604601936,-1.725579531162205
2.9801361084149467,89.29390632133082,10.263740978198534,0.0058223755584799,0.8,0.6926002225203118,-2.245873716363624
2.816767621720584,90.59734911525884,9.767684247438709,0.0,0.0,-0.7029204613113444,-2.2554332182687684
13.179313927990556,180.82100054228684,35.87930986062305,0.3687291905644891,0.8,-1.7799077908524086,-2.0654285289440755
2.7515714390525448,449.1395437170797,6.566868901799097,0.6252509972648179,0.8,-0.1587844792625747,1.3726449692314588
11.597873347873744,179.15620006491991,34.57194279750373,0.0,0.3346928147295117,-0.512807046761971,-1.190058780332902
1.7708961436670734,449.6881827625495,4.330820525775906,0.0,0.8,-1.360665371838767,-1.5974280946435149
0.8527615648507267,449.7504757644381,6.870499289755885,0.0,0.5530138563333168,1.1307379367893853,-1.3070717532282157
1.348435805143077,450.3285020675928,5.73443569323626,0.0,0.0,-0.9897647716928972,-0.3988356391606462
5.820833495307932,90.00604336380448,10.054864965691143,1.0,0.7749033082848972,-0.0486006525414016,-2.753703709152073
4.47685123104693,89.71259120698954,10.386048874106269,0.0228756954382097,0.0,-0.5510815531372983,0.7959898786358308
1.39807788926427,451.1432636306859,6.883182217255408,0.0,0.0,-0.9676976763414864,0.2830412775633633
1.0624188415234903,449.9264851662364,5.215704573456227,0.0,0.0,0.8811697125652209,-1.125507809541732
1.9972859869264616,449.5084505184078,5.078994294493354,1.0,0.8,-0.8779083414756816,-2.835302513099749
11.908402107641162,178.77495892108564,35.352162279610255,0.0,0.8,0.8094807250101803,1.353064203654057
5.686545816082143,91.48779973017903,9.861676917414515,1.0,0.0,1.9370529037797093,-0.3405801244849273
3.3239029670698605,449.0834659233714,6.746611437581258,0.0,0.6783003882369851,0.4769014988921549,2.0897013267404976
11.120080959108895,181.05530994381365,35.428500315079376,1.0,0.0,1.57942931793546,-2.727327077378413
11.331501901739571,180.44508429604105,34.71042796321813,1.0,0.8,-0.8222830029779029,-1.0648608494974687
3.2978475898031645,451.385693580106,5.570506321693054,0.906886333962897,0.0,0.888726616983935,-0.1481272868989585
2.890620902441837,91.8365807977499,11.847148043393188,0.0,0.5041463750174289,-0.3085842743203221,1.4769309067868883
1.792301142173086,449.7163016518851,6.387759266483846,0.0,0.4787279827141847,0.4019899481609857,2.3910750841219786
1.3362185669580255,452.23336673093104,7.737793039492876,0.0,0.8,0.1589566467826728,1.8920159872398497
12.091397630141062,180.72066940934175,35.99458966133921,0.2771845355804342,0.6896859519437363,-0.9191010663328236,-0.1774036175259601
3.192051563878403,90.06257020215165,10.504457074148425,1.0,0.8,1.8636908878331988,0.1080121686974004
1.59152932728164,89.31525150506648,8.362104253860377,1.0,0.0,0.7401951665030456,-2.26812507943705
4.550026023990808,91.42495029205524,9.33956956180985,0.8194974289968571,0.0,0.2062882545128439,-2.0517353990683027
5.021621352383812,88.92419402789093,10.601465666734612,0.0,0.7394589864935754,2.3875982932343764,1.2644827826762377
12.78003174350304,179.76665563667095,35.0490096911855,0.7639829847027646,0.8,0.2166554934929817,2.4802310096769817
12.209386058702876,181.99136472090052,34.59565838001458,0.8913203274796296,0.4131771497162423,-0.9279567285331264,1.5988443693556498
11.679568900276424,180.3070030780081,35.34354897527206,1.0,0.0,-0.4974937436754043,-0.860973251799316
9.446348258783136,179.65680398889918,34.66346225210236,0.4356375357917738,0.8,-1.6752510796430709,1.6732878469616868
11.935010497196696,179.37678439304142,33.669980314554344,0.0,0.1153587564813591,1.0004155934020365,-2.9487932342720367
2.890053641859498,90.61462984271968,10.205138153261847,0.1645057431503416,0.012948436001458,-0.7446619638903121,0.5522714270345674
11.226788427294588,178.27629622877922,34.80385741656994,0.0,0.6443861336895357,0.2234987648584174,1.1357616250540108
11.801697552750008,179.26291185268792,35.434218803044,0.0,0.5282675960833638,-1.2724836826014108,1.1027403999825438
10.447431165413622,180.2306271330719,36.36418297566888,1.0,0.0299046986901603,0.2514032083165667,0.7172276960970794
12.817472491654694,178.5635898284633,35.58249230158697,1.0,0.4432645428766749,0.3375795765427015,-2.238194794708425
13.253937384213897,178.7978544856716,33.423492527890474,0.0,0.0,0.0834025789022336,-2.4432965455911244
12.840100594587108,179.08080114474464,34.34739750132747,1.0,0.8,-0.4602977705317745,-1.0209755996399177
5.8679029489808245,90.2742301107304,10.016109962526317,0.0,0.8,0.6356727077893679,-1.8284287897413467
12.751700152851893,179.73767210467034,35.072199521976266,0.9953154151744515,0.0,-0.8078024920676158,2.04730955779357
3.3052221855103414,450.9969697987339,6.616310166222082,1.0,0.0,0.4923261819353598,-2.1272790707969085
11.944127258629065,178.34502397759104,35.42129771551784,1.0,0.3288826733503112,0.86121836611403,-2.4604598659853285
10.48390421626296,180.28172335787292,35.601590587071925,1.0,0.5936580460249248,-0.1596222557949781,-2.530556248077503
12.2853754860809,177.64941011150077,34.98026677728042,0.925082291311584,0.8,-1.9672170690855104,-0.8025774040979137
1.9754764919668752,450.9481358109181,6.41257634161255,1.0,0.8,0.4658905896469074,-1.9812229144792604
2.1847466858639564,450.16652585799056,5.701879678372799,0.2693167730596393,0.0,-1.236812647485825,2.47221629118822
4.303038927795996,89.43003624214074,10.355760045787145,0.0,0.0,1.5315141315636205,-2.0174783508994327
11.078226634943707,179.65260321225824,34.46243335452329,1.0,0.0,0.8635014439491578,0.0628139537801066
1.650467376212575,448.9343066196079,5.043936454381459,0.439940458214211,0.0,0.8439157469426712,-0.8859429537078043
3.5823063858694315,449.8107028975045,4.922789699230984,0.0,0.0,-0.6215016706644033,1.4698570590641111
1.8133884723902407,450.0935082131246,4.86620807952818,0.6071105783825225,0.6646107116885851,0.3015330089441047,-0.3955402136808903
11.104492237979372,180.4588125087708,35.81411686720843,0.0,0.0,0.140907399219793,-2.234655234942046
3.482284868959699,88.6446497636055,10.239342308526474,0.0,0.5736663990953679,-0.2168615541213283,2.9099755802705065
3.5681067265251816,450.2334233164083,6.693421657106361,1.0,0.0,-0.069362237379258,0.2671396066018654
3.7181012409523166,88.78520707498087,10.822320028493325,0.0,0.8,-0.0911694731681549,0.6114352348823715
11.772045312744709,180.5005563076467,32.663977205576394,0.0,0.0180822688922686,0.9693615701069144,0.1040577966198399
2.114898557002612,448.470641306976,4.83710781019421,0.0,0.8,-1.9987122117729053,-2.495330065155149
12.299037278642936,181.8686939745276,34.93037061103438,0.0,0.0,0.6081904049618257,-1.8164904991156168
0.2313170041620769,450.620214819417,7.074532087688818,0.0,0.6776691629020142,-0.4342332056863551,2.5940782002924374
4.156501963035206,90.77124292252816,9.24363137036945,1.0,0.0,-2.639835060186221,-2.541657710355575
0.9914457968454604,449.3319848515906,5.8018847853281,0.0,0.8,-2.214222133518084,0.8353388394408272
2.2934216615685896,451.5458972959351,4.798948055088722,0.5949357906928089,0.2078459760332198,1.1635594741067732,-1.534591651127325
12.722048941778734,179.79350310847184,34.432727160761374,1.0,0.8,0.924743837689672,-1.985832491654275
11.19617710448738,180.5410250525045,36.11632417920194,0.4272655992789841,0.0,-1.1952537178552043,2.056823987436883
3.864805892062448,90.99786576127036,9.556684758522197,0.2892715173849858,0.0,-0.1911843057645458,1.24454816163062
4.179441716620366,89.21408186761468,10.819713154801216,0.0,0.5008694860228975,2.230805828722877,-1.503027968258554
5.810155426235689,90.1813634413824,10.221039068695108,0.0,0.0,-1.2183678491684808,1.497872843159664
1.4245948099518202,448.4669073091458,5.78112383606122,0.0,0.2900255154281749,2.676995385222006,-0.0445904917585728
2.78669569053738,88.1374612469021,9.8130184970733,1.0,0.0,-0.8747290023426348,1.9967708741688213
9.90449873265784,179.31721400758994,35.52032561749574,0.2538536079922994,0.0,0.2616618666165776,-1.9974326828318372
11.823099441444567,177.4550277977894,35.22690133848642,1.0,0.5174621366825811,-2.1278088937085933,2.177274855172877
2.159558990030754,450.8693266902526,5.3196123394330925,0.424846469302913,0.8,-1.679182466387822,0.4093908530403158
0.5578932940981467,450.3300010237583,5.837444245643585,0.0,0.0,0.7101788465357193,-1.0165677453349071
11.54673007600445,180.6665568928491,34.00163394804124,0.0,0.0,-0.8107685699014384,-2.3621496914134674
1.9648942821599775,89.67761104248768,11.464974424195557,0.4027401587955526,0.0714268104378926,1.4032302610485765,-2.987451695366533
4.1836748825499495,91.22575761554806,8.853932988421457,0.0284203316634868,0.2974068323311604,-3.566174882550256,1.4459974985478006
0.8138055265628723,450.25758443716177,6.484623115030416,1.0,0.746545630827241,-0.8790638613689075,1.0792072330029452
2.5062890292215,449.8857166440097,6.525161269407466,0.0,0.0,-0.0587387160195321,-2.338702014064072
1.4835594176849205,448.0930717310516,4.804800873391572,1.0,0.0,0.2635829160243879,0.014451744124444
1.0611999459987098,450.8551199550527,6.087043137675302,0.530759015495774,0.4117793434378989,0.2407464973095353,-0.9266784248563228
4.68534578521243,90.3553134905713,9.642265766762849,0.3220356356451167,0.1886207703560473,1.7115613042375963,-2.937939669876008
4.723334819070878,90.06421834283994,9.984091447306293,0.0,0.0,-0.250861467140436,1.809535501119521
3.618081316900844,90.73104895236864,10.202320572667672,0.5722267572289195,0.7921697118792542,-1.127185052077403,-0.7340365718449746
2.033667314517547,451.05413853345215,7.306009436999217,0.0,0.0,-0.7289524931090162,-2.71578529487256
3.0246716801702096,451.18637620547867,6.763965004167131,1.0,0.5243570229214193,0.9044395713271604,-0.1037639321546568
12.321814592142289,179.6473966438955,37.04026557002711,0.0,0.8,0.217207923730073,1.04285386551431
2.2072187167809627,91.00449607614364,9.209884687155874,0.0,0.8,-0.3867834522434418,-1.1730215651414786
12.366652616524906,180.51454679415323,33.9724823528887,0.0,0.0,2.140728109916508,-1.725423332437695
3.5371601454078783,92.07095464579729,9.975637745992788,0.5137816931164119,0.8,0.4654672508677547,-1.6839642219622832
4.154306889036301,89.57731261973125,8.42450407768678,1.0,0.8,-1.2390883179326853,-0.1369491092734192
5.03025092880686,91.11141146274628,10.616815588048087,0.0,0.0,1.0430391471303686,2.560478910362187
1.5148794193802555,450.4105779242625,6.881565128660558,0.0,0.0,0.4196523501930378,2.664190066187341
4.235917175498799,88.38818514671084,9.5861832841898,1.0,0.0,0.8579054281650681,-2.558439095737167
5.309302998911886,89.62151298645446,9.14536452582748,1.0,0.0,0.3438836768755783,-1.2202632117504568
1.80523874866999,449.1417265754869,7.283067251657965,0.5151849368139105,0.5739417903875315,0.5269213020035207,-0.245622357423243
11.289746770040315,179.88969065788245,34.339347843248234,0.5919199467070454,0.0332529935012237,0.3476792152727209,-0.2158219925468931
2.2882349834282327,450.5612419045006,4.656839999136084,1.0,0.0,0.6001121244969156,-1.6264882259017557
3.466310420253751,449.11604310063785,6.71971775143344,0.0,0.0,0.9522924710796552,-1.1503789384171934
2.4868375324583973,449.8777041465081,7.181348755005199,1.0,0.0,-0.3234097559118724,-0.52384713290571
5.529789461003173,88.79267208288422,9.656138066745031,0.2602829831742853,0.0,-0.543151332574273,1.692988341490917
1.5561390696284627,450.1902980931935,6.382265216861835,0.971125861337126,0.0,-0.6618177417537777,-1.7919458382231437
3.815147189770937,449.8770021687242,6.859956236682399,0.6032214188053806,0.1161684754410082,0.2406880756385357,2.087525823179756
3.2675218717443637,90.98537539198011,9.343160807739691,0.7539202223372081,0.0,-0.1323412943859523,1.583842984584754
4.098552108932603,89.17769536098258,10.728130522379637,1.0,0.8,-0.955700697555384,-0.1610741078540316
3.737200468638467,90.24186229140518,8.390653008450624,0.3363976367723019,0.0,0.2770765745214485,-0.4726858845439263
0.6370004370397064,450.3764867445816,6.859450871079665,0.7463258014655375,0.7167493067682573,0.3878461120085019,-2.0273622890221707
13.644252456852502,180.8494692231364,34.94580521960018,0.0,0.8,-0.9991605783653884,-1.1045502069044095
3.528696464615731,450.7171312674636,6.465711770367251,0.0,0.0,-0.5013111756675301,0.1504307400806848
14.340844413132826,180.4631207739217,34.90246076935201,0.7398098676221724,0.8,-0.1394899629727216,-0.3573744048348399
4.092148994945506,91.71592083500786,11.28710162722293,0.6300743807823933,0.0038408106838242,1.2647406780763697,-0.107545820385051
2.2717304691690914,450.3190089971642,3.2067339825155905,0.0641584653894267,0.0,-0.1504618195804816,1.4186283236681856
0.7096738081890526,449.8658316903762,5.46154366900166,0.0,0.1512096470744834,-0.3441660796875744,-0.1421360875827719
2.1392098121698906,449.9944402612055,6.153770167096699,0.0,0.8,0.827950041554172,2.40678065229882
11.95027968099501,178.21825494271502,35.73012181737261,0.0,0.2114168992024266,0.7365509587370326,0.9376409895901504
10.243104860332087,179.97612687142737,34.52340267648312,1.0,0.0,0.1566134450249698,0.9554233640865712
1.8136376556685552,450.0716992627987,6.616796354731733,0.0,0.0,-1.0168652660487023,-0.2794605931211698
11.64636372194173,178.58480137545897,35.27661427873985,1.0,0.190771268801018,-0.2411230843660964,-1.780895322106685
2.504849308185933,449.77255493513616,6.845057431701395,0.9636566588986456,0.0,2.105939090651992,1.2152266313493847
3.902240829937403,450.9818062773248,6.02672760655963,1.0,0.8,0.638065072153296,1.186504175125649
2.7374715974140877,451.2662237747924,5.979369895431831,1.0,0.8,0.0968725656578052,-1.3006420659429905
2.7812572267738385,448.6834934426663,5.486077996086197,0.6554193849181031,0.8,0.048712677697466,2.34905981066239
12.726060557125864,179.80550881624217,34.820996397698565,1.0,0.2525912442958944,1.8341657000104807,-1.210877791855283
12.649293323004654,178.6096019154897,33.830913724570976,0.0,0.0,0.544642920348967,0.6332095138980387
14.165816450565387,180.343846260309,34.779044548790104,0.0,0.0,-0.3632540629325481,-0.8511374278004751
1.9939974672727143,88.53000328134176,10.586531559290016,0.1817953707598976,0.0,1.082281971127664,-2.358821713966956
11.439192004153552,179.60499718981964,35.73113543530779,0.307442238875833,0.3837789476330173,1.6177591870710364,-2.868937697829975
11.44425794751406,180.3347253902714,32.83490793540181,0.9253327579628116,0.0,0.469729336352359,-0.6946539296057042
12.472195009105242,180.0109981073174,34.351829720089604,0.3878377755421507,0.8,0.7127474219746307,0.2201766878622915
12.683934666847172,179.22657303451714,35.65067182410148,0.0,0.359551513725798,0.6122179357641526,-1.2850518951890275
3.5374886440661992,452.7364071346083,5.7481409146291895,0.0,0.8,0.4018855362265274,-0.9126183437080692
12.899588116403104,179.6276987188828,35.50874326004024,0.2506391792411911,0.0,-0.226418177985934,1.1245474874516006
10.65149691706025,181.02883066837384,34.73193209447459,0.7092392575023382,0.0,1.061093774061134,1.935539679608496
1.8122759149884455,448.556546750654,6.028371963833127,1.0,0.0,0.5818560067122277,-1.8648366429046703
2.550912167456511,450.82788306813313,6.486540670222196,0.0,0.5836403083492083,1.1632691466001763,-2.1751228493209696
5.3072494747514165,87.59907359510318,8.303789447112134,0.1415091004469807,0.8,-0.9537034799673414,-0.9239865272452356
3.167780055846565,449.5940871598563,4.815337065254697,0.0,0.8,-2.433285562801828,-2.230277153032432
3.0828382390827533,89.86601507602123,10.203041200518214,0.7595420309142848,0.0,-1.5324129849898076,-2.456661927666841
1.3250303756944235,449.9364143011024,5.593176322703885,0.0,0.4413811417974103,0.4404998505347439,-1.4227799662018827
12.383701625175268,179.93215270211667,34.01381970586888,1.0,0.1117415577014784,-0.974195814475862,2.2757587086724493
3.0273047184355493,448.87137936262855,5.878714239818293,1.0,0.6791317935257694,-1.0366534037996875,0.2676161212029546
12.808641107653964,179.8669996902583,36.18882078471066,0.0,0.0,-0.6070606111849876,-2.411993782739104
2.6355475189483446,447.7451597882492,6.130410592182572,0.0,0.0,-1.7258056276531453,2.4927540799215544
4.328387042913752,449.4168599162287,6.346870520923216,0.0,0.8,0.1167034470558422,1.3884723335947262
12.648366091840458,181.82826133724413,33.66826026260688,0.0,0.161870974026291,0.2353718560965811,2.054845491750932
12.308921104578472,179.3385249146542,35.253798172236614,0.0,0.0,-0.0157469070854474,-1.8308742479705955
2.488152979195153,89.60328941785129,11.840743672111008,0.7332579863856927,0.0,-0.2884316379273021,-2.9087711674649217
12.330371995096456,181.79830549744267,34.48488435000348,1.0,0.0322227992433992,-0.3087702371309315,0.3577129042929359
4.236013379300551,89.3581730864261,8.024640963097221,1.0,0.0,-1.3085393915257526,2.4985576486717207
12.868858240006226,179.26585123805208,35.577582351057494,1.0,0.8,0.5636766386413187,0.3626724658295743
1.116591384275841,450.7216495394224,4.714815016009411,1.0,0.7440889678473307,0.4599297225761741,1.9854788058925257
11.324943588752108,179.07828433612858,34.29605385846352,0.260415418919572,0.3678553398704925,0.4254839529382955,0.0356225188773224
14.603388193617294,180.4145984678586,36.47750086689102,0.959553716351269,0.0,1.6705832544193402,0.0805173624948984
3.112807490738707,449.7968608838255,5.879894646484551,1.0,0.3997434912925499,-0.8427168715954182,2.790974373640571
5.222935171802691,90.25979857336932,8.038407968923444,0.0,0.8,-1.440077061920513,1.8539954971189925
4.191284406813699,89.30476583558232,10.850813176405763,0.3539769008793619,0.0,-0.6427389789209531,-2.8054685897598506
1.1906574864034625,448.8539267418528,5.558278640183181,0.0,0.0,0.4539755321990556,1.6136848696415598
2.448828565469315,449.94974747062304,5.898645794481938,0.8552762494960714,0.2899777034040221,-0.4286276185937239,2.080401648478825
13.448964788675498,178.8927614998759,34.29224360686375,0.5234749133336422,0.0,0.4101884848684392,-0.7704528049366415
2.038246052434372,451.8764903371515,5.2675525779070265,0.6125986912896595,0.0,-1.2517672172818932,-1.021548922803725
0.762549406125621,451.1605227920629,4.795335284576944,0.0,0.3684856766957215,0.812529787245038,2.258011207842157
5.655860552533255,89.89947340538819,9.565719921235154,0.0,0.8,0.2366479703382248,-0.4185349764612454
4.512515518392047,89.28081624079995,8.534014719424352,0.0,0.0,-0.2861114970622674,1.9853630058463416
3.9220785530912794,90.25585214796789,7.990351327957132,1.0,0.0,0.9109582533460095,-1.6263845662591068
3.015072790327305,449.9369736641821,7.212813970799656,0.0,0.0,-1.65583008005126,-2.0584765372157845
12.017398507355402,178.3886873100839,36.1417226134446,1.0,0.8,-0.0430275566195695,1.533793581286253
11.96882252941659,180.41408941860053,34.957441043671125,0.0972159431507908,0.0,1.674843708830977,-0.2167938650649832
4.41832543176057,89.89202256062751,11.923569817083488,0.1212800639860733,0.127291214044537,-0.5277681338932065,-1.6139475079940235
12.95345422893682,180.79140763065016,35.20344130035603,0.0,0.8,-0.4533996869462814,-1.2269639016077147
3.574655235325289,90.15417716500212,11.246908341782197,0.047413621534738,0.8,0.1136213303052359,1.2821968501149588
3.234732213739321,450.0449163710608,5.186878243699654,1.0,0.8,0.0602640162487664,-0.806567571338686
0.6443421570981256,450.5394423464027,7.372103901819719,0.4023008382583425,0.8,0.4500148355383852,1.4568629953873238
4.554085147014234,89.76835798164231,11.09182022397852,1.0,0.8,-2.2419375678129416,0.4574666714044295
2.396444645533127,450.0741053127279,5.232931558789721,0.0668762339974134,0.2340708219193539,-0.2622080069595475,-0.7823296616330264
1.6749985674455194,450.8420765590036,7.128808757067459,0.3675302201458548,0.8,0.8732717070845463,2.6774357043657675
1.387389889902908,448.6689051184833,6.928134524443027,0.4283598843092333,0.7569264158817898,0.7594301981265745,-0.7098239711419492
1.56698959604181,450.4118711701561,7.043987537642328,1.0,0.0,-1.0901245760090132,0.0482865971136026
2.8100571921112647,89.04604564908762,8.455136065593642,1.0,0.0,-2.1090491415838466,-1.431116485418887
12.168364227816792,180.27660902185465,34.63498976081154,1.0,0.631995826789839,0.5800981275380561,0.616776496058768
4.283231480263544,90.3947344083489,10.579945682634134,0.0,0.0,-1.724908099436885,-1.1297031384336778
1.6082009647013702,449.9476684768353,8.696213592375411,1.0,0.8,-1.000114005687908,-2.9800911003635044
3.309832216622416,89.45215900178677,10.92413376774709,0.858111346044703,0.5684117254664254,-0.7405943595638688,0.6256487726091078
8.953198848766185,180.19503130892988,35.47496126685125,0.3060879945247373,0.0,0.7343684283225843,1.3673699880220882
10.203318092882318,181.33449829649507,36.37084298468754,0.0,0.0,-0.9266410491189692,0.8952904751790323
2.794554992855496,89.01390509903422,10.383005804140083,0.6852288789677603,0.0,-1.1357101366373976,2.0576860671442336
11.138268294398143,182.30252152457183,34.75005748233864,1.0,0.0,-1.2787918998273693,-0.2861568358029602
12.91792662770226,179.44667505890197,33.7052656766939,1.0,0.0,0.5349031652788433,1.4401870824878458
0.5570666423693091,451.1647011546036,7.245183132470434,0.0,0.8,0.0337912005604039,0.5587235192985363
4.4603332026550175,89.44981526124559,9.120351902337106,0.8433445526992678,0.0,0.0147787030563651,-0.2752753916067072
4.129407329879983,88.73614444826207,6.315323790634345,0.0,0.8,-0.972666209887186,-0.3112951712772194
11.13806625252382,180.49536802362408,35.688057770212154,0.936379013543484,0.8,1.0255306251645144,-0.9460686090989467
0.8966431316134913,449.9801278672977,4.952247034869386,0.6040297062807966,0.1675999735187865,1.3173102933363712,0.0266703469416462
0.371400492733422,450.2005704179744,6.317778012125326,1.0,0.0,-0.512962415908396,0.2788474897949484
10.625196208693083,177.79156542105775,34.46380658918053,1.0,0.0471384073328737,0.1063872756132792,2.177837942659816
0.4078161854530056,448.724205849346,6.704867905366492,1.0,0.0,-0.5481687882360267,-2.665435709224193
12.651119040470046,180.4399099615912,36.65269313901569,1.0,0.0,-0.268737237793989,-1.3399037807879175
0.1,449.986564363613,6.4285653952495565,0.3980795206256882,0.0363243452000544,0.3372512397384013,-2.993584693945901
4.826303295697952,91.34395248642466,11.290373488482084,0.2807452281473207,0.0,0.4978451457992219,-0.739082927577031
12.623832008586186,179.58340888605423,34.9373853911414,1.0,0.0,-1.2021224612029586,-1.3816825865880953
3.368888316213101,450.0371533530034,5.42581108616975,1.0,0.0,0.2799474619813418,1.469909567350571
1.324786748951103,450.5402696981954,4.65199976571377,1.0,0.1995087770873332,0.9651482821451964,-0.3495251115775852
3.327712134480358,89.9011846655742,10.974690204595168,0.2701239331939454,0.0,-0.2429839345632684,-2.1210943944190213
1.5484059999085458,447.3524254570728,8.344101566074833,0.5264343295198828,0.8,-1.59670192844615,-2.6044962384444874
13.120553273325491,180.7896098788161,36.25199891497971,0.6303996674706229,0.0,0.0402066384574662,2.21544617873906
12.306030255532438,179.29059628051016,37.51472069078423,0.0,0.5069402867962014,-0.8052736082215581,1.1440966142418
1.1403164067411256,449.32724936496726,5.383150208610401,0.337174554022666,0.8,1.70857478002898,2.02292066786587
4.2089541737098095,91.1287740313072,9.643007809648015,0.3432857607567179,0.0,0.4039119846478003,-1.195441724690162
12.282990828482175,181.19290629039511,34.825044150209,1.0,0.0,0.4554612844014279,-0.3433672044770812
0.6429881955674683,452.97358278439566,5.730362401152478,0.9190048845726512,0.0,0.2462270691015152,1.6669096917948003
4.622719196785012,89.44601458287705,9.57732070829611,0.0,0.1426473934783387,-0.3750324358303687,1.0858039641727828
14.23952333376759,177.01838693141443,35.0171556494343,0.2504134320842971,0.0,-0.3598342017632474,-2.729133319464731
12.12008607264271,179.04625031001405,35.44424451933055,0.0,0.0,-0.7161628441665425,0.7005483759541327
1.9507163168277557,449.2090795717786,5.472380449302819,0.5947352122580035,0.8,0.3260207857624969,2.1009372775820125
4.575613757040234,89.14944234962164,9.905199591959311,0.0,0.8,1.7897705225962677,0.3734023901658427
13.573895393109124,180.88810961871872,33.73345049944636,0.0,0.7189823093321769,-2.467028113214246,1.9963709452623952
1.197881991689462,450.8809306706741,3.818934124581851,0.483339645491013,0.0,-0.7909537557574582,0.3556827849019077
4.401404514325398,89.51492248605688,11.341578009617256,0.0,0.0924713161242279,-1.067674311425859,-0.1520411889264972
4.390307621414933,90.91575497204131,9.24283187313392,0.1490649873706939,0.3765835045479035,0.8008384546855368,0.5365828262235746
10.62426958373342,180.72940980643168,35.644466114828,1.0,0.5636341521163378,-1.94945401882766,0.8688339882290141
3.946873658317526,90.20608311032856,9.496630359679688,0.2575304602556301,0.0,-0.0440202803869786,-1.586706286056334
10.579580487652574,181.15687030451,34.82439098143485,0.0,0.1429265685867523,1.5748164326494245,-0.4560727576128069
0.6418483450125037,451.6350537923549,6.907660906338519,0.0,0.8,-0.4326436746912528,0.3547443381635515
4.7988585467460165,91.2450182342093,11.624638783455293,0.0,0.8,-1.7683626915178543,-2.0330586944363764
3.339314575343396,450.81922131141056,7.280952286388669,1.0,0.0,-0.2446087304128765,-1.7513242790771604
0.5134559945398405,449.6294386702481,8.000845204212098,0.0,0.655331280090553,0.6232316812314486,2.776280016754834
5.1975035366682185,89.91483620943248,10.743717086352266,0.0,0.0,-0.5593677443546599,0.2230631241891769
3.360881567449465,91.36566720296705,7.44788015345633,0.0,0.0,1.4182216619901185,-0.4367782666434197
10.638721935773932,179.06652494652053,33.968698853862115,1.0,0.6387549359280776,-0.2897936449242427,0.3820618894129968
2.3389213094815267,449.9703831633964,6.126702241858029,0.0,0.416541814315258,0.553870126918671,0.8184980439842588
2.78088660482437,451.91251022248514,7.410484498465754,0.0,0.3853298956575105,0.967824197604736,2.026000516005719
12.009210937841464,182.18423077506176,36.83990020280017,0.395565250014598,0.8,1.3513820667677343,-1.783097676170089
4.15687282679126,452.1720547180937,5.124897678520815,0.0,0.6276307026602359,0.6521210237537283,1.706089239479879
11.552553793937612,180.83354491888784,36.32577401956619,0.0,0.0,-1.5550467343723964,-0.7043243664499057
4.544438718084214,90.00968704641852,9.458073333028576,0.6438676354139204,0.0,-1.5808050305806258,1.6759814523489691
0.5093047651957687,449.62911090002666,6.762355630704879,0.0,0.0066524315678468,0.3928733773424406,1.131291279134909
12.15061393721262,180.04737634511443,34.9644511559451,0.3770007281925784,0.3461138467707192,-0.8251614271493682,1.86992701113763
4.358809606752201,89.28591858209242,11.49708163825166,0.0,0.0,-1.6599580625358965,0.4140402766026794
12.8758643050056,181.1798750991172,33.449931278379964,1.0,0.8,-2.4947032584821978,-2.0984724010537703
12.49075567399409,180.549829333351,34.70965821572417,0.4701113625801254,0.0,0.9347731537229912,1.2088870022942348
6.613298940761222,90.73180915346484,10.65411035252449,0.0,0.8,1.2127751016426354,0.4926445087775986
4.531772701727291,88.76653415768236,10.216438287955766,1.0,0.7821429000232402,1.8727459962838804,-2.021303945949601
12.63263606675531,181.3192883713697,34.84830248081615,0.0,0.8,1.354478123688157,-0.7755701142547764
1.3496634035558244,450.4663452604163,6.329651366513973,0.0,0.8,0.4310380609035527,-2.1923710280701245
2.7658061063850408,449.1860912515624,4.192903659076345,1.0,0.0,0.6281839063446248,0.4356713842338147
1.632767640057471,448.6353715374084,5.923672657746834,0.0,0.8,1.1639224842863736,-1.3439585425582063
1.5608127259686562,448.5498259138285,3.2310888553478527,0.0,0.0,-0.4432277989389502,-0.5889206209861584
3.941748804140747,91.17215868839378,11.186698075163312,0.5815911707000928,0.0,1.1652249648699136,2.871357844981036
5.057126326158349,90.56800609685192,8.842191589973432,0.7469210176939913,0.0,0.6955164335461296,-0.1833753899923156
1.8690534627992896,450.3625745993288,6.935398011577654,0.0,0.8,0.2463613291232604,-2.026249955533576
3.073290947353045,89.13198116362096,9.211075360531362,0.1934521785912661,0.0,-0.7805155780763944,0.5355049133402283
3.6746820168330663,90.2363541159812,10.637943701276352,1.0,0.0,-0.5901995051836381,-2.7356490432633214
3.35644284750064,450.05150704966223,7.938253868530403,1.0,0.0,-0.0022958623634074,-2.852507780490771
4.479458893985529,91.97157325296205,11.101097908561677,1.0,0.0,-1.1164246496324095,-1.2229951671290284
3.1879306932940885,90.6246473339782,9.66029037140957,0.1498782160171,0.0,0.6759019858147521,-2.0586612789521364
13.08475773786246,181.51461802676312,35.18846611807329,1.0,0.8,2.016062273544033,-2.852494069379844
2.508341323865801,449.9274761088551,6.476007860742652,0.0,0.0,0.2219149025581709,-0.475017279816802
2.3918969862228976,451.0194938465946,4.679784590259367,0.0,0.0,-1.239754778239428,2.4264428267286764
3.206430437057832,452.50439885682056,4.686110922335251,0.9158239848047331,0.0,-1.295946127907719,-1.8489781293896836
0.1,449.7152563350917,6.198090284993968,1.0,0.8,0.6628052504414815,-2.4378554791632308
12.321687686752975,180.1876059743764,33.97308173512683,0.0,0.8,1.576568154393038,-0.9450670890860384
12.396139285314003,179.03786979827356,34.998173853854105,0.0,0.8,0.5142863201710994,-1.4380332343619633
2.4777219045842647,88.41503426671561,10.852320632133608,0.3004839538586348,0.4616169918006968,0.2053447292744044,0.2564764151812762
11.770517528557145,180.5496346398153,35.77698777440776,1.0,0.8,1.0299111763125368,0.7183901055569448
12.735014007982144,180.9486407827496,34.08204079847802,1.0,0.5782341458557534,0.7507834846169446,0.6073853224096086
4.193557270842443,89.42397120973236,9.486774283467566,0.0,0.8,0.5635948782698899,-1.2791639553165577
2.797549320477458,88.08559946779668,8.423640039428921,0.8529314050717942,0.0,0.8793416594670835,-2.2058166788534392
3.537365617801186,91.83664585053128,9.99120776522906,1.0,0.2027136292239107,2.541609802983312,0.7478455878667538
11.697588695700055,180.7707449168079,34.71443196891917,0.0403346022765781,0.7128654791419023,-0.5529742585187791,1.3359856844404625
4.071061818785785,89.97283389647191,10.395844123462338,1.0,0.4841545749602114,0.7263425764145206,1.786189636884309
12.040534626179406,180.1699863732215,35.410304133862084,1.0,0.8,-1.9564517921220077,0.8415565764751358
3.1558711296658,451.1270306939377,6.646169843777107,0.3747926111067272,0.0165036037698111,-0.5133530651056217,-2.2201716724614244
2.5637296400048744,89.85668231034767,10.781821944471965,0.3417287132216375,0.0,-0.2797933822628566,-1.713720580636259
3.4600116355117665,89.86162071423983,10.053984201451229,0.5349578182069951,0.7427266046780482,0.6981720623125458,-1.9517885257607588
2.11869641763854,449.1874674180064,6.441677973452394,0.0,0.0,0.2473608469833082,-2.448287222397496
4.201737999797886,89.2617525333872,8.17710416244632,0.0,0.8,-1.1328105923343414,1.3809825738678576
11.411330571489431,180.4621018987284,34.62741919885706,1.0,0.0,-0.3830470599724151,2.414441492379628
13.294824286455617,181.1333907837445,34.7034443196186,0.0,0.0,-0.8290910613658317,-0.6201581541415133
11.558096137839172,181.16006750749017,34.51579537402988,0.0553049032895373,0.0,0.3190580768022484,-0.2208253446648758
12.833571151019228,179.98435325122406,33.34608609135948,1.0,0.0,-0.0045547756493717,-0.8006617157434519
3.5955711170269016,90.4110976195452,11.53113314644861,0.8147901624424245,0.0,0.7809205426758868,0.9650839505300848
11.559015390765753,181.39530226343527,35.305995308490566,0.0,0.0,-0.1697054792384992,2.4539762681360298
4.392418100504079,89.43168643709578,11.017162139914346,0.0,0.0,0.5250513152977958,1.4170345208502582
2.461651969963764,450.1546434657423,4.68796856186366,0.0,0.8,0.9424413889121532,-1.2523599278302249
4.244652739611183,91.34036464525803,8.930873964241394,1.0,0.0,-1.3131635300454505,0.8239350233179676
1.5340756125031476,450.548809979839,4.85407267403517,0.5208141826180852,0.0,0.7849779855552399,1.6323849489512412
11.1841539462141,180.31326288969692,33.65081677340748,0.99515677257705,0.0,0.5174879744378662,-1.0846570763193493
1.644279386765107,449.2842607509522,5.427084175547419,0.4589933529428859,0.6800038530702646,-0.4736117455322103,2.764713070279952
2.20589725989466,450.3641253509404,5.333927342603753,0.0,0.0,0.542306650757225,1.2869281589355124
2.98370158221216,451.6701742244137,7.14814640540125,0.0,0.8,0.7861820210481317,2.425085811516955
12.069876464553412,178.25568905095315,34.37415679223866,0.0493820164755729,0.0,-0.933464782101067,-2.129266899440647
4.314620290441,89.84827384397923,8.379001513460508,1.0,0.0,1.3973190460343343,-1.4981377701287442
14.290668537900508,180.1501229473509,34.74077454475504,0.5610884645825264,0.0,-0.3095637475431038,2.198653229174619
0.7415181647297264,451.5741050254254,5.224901968796655,0.0,0.0,-1.2412040743266146,0.1166493980962588
2.843021423546019,88.64974388066798,9.870461564198692,0.0,0.5952297091436726,-0.6532348291157294,-1.5579334995599323
4.7634057335067626,89.1047826325148,10.4172289017819,0.6971984213927163,0.2019639017953107,-0.850678411831767,2.342765266746227
12.609054460198715,179.7946745190959,36.09952397445655,1.0,0.4731759824231923,0.295703364770164,-2.44478012674537
11.706308163193384,179.49126704486724,33.61941202991119,1.0,0.0,1.8104668564288997,0.4543980995489711
2.653822886992849,449.6327640528665,4.619994157823228,0.1839087726992649,0.5042105075270134,0.8049324139229754,0.2363058263833743
0.9117445955182142,449.77599383034936,6.566270867992904,0.0,0.5270101590731399,-0.0509844013258226,0.5828125544982852
3.607499702221996,91.44630888297137,10.110160841280983,0.0,0.0,1.7965110693888429,1.2843404789068191
2.6676074708014257,89.88324961583713,7.752600677783096,0.3864262483273364,0.8,-0.9395391397982944,-1.4653226674669733
4.125987062886967,90.25730958479396,11.481090757359109,0.0,0.6729224541522669,0.3833010782990745,1.2934938037880208
1.3609327086987104,448.2456044200623,5.677658052115824,0.882200125023103,0.1261602074710137,-0.5785340103446271,2.941225005271444
2.718374895213974,451.82189529472896,6.683675148616544,0.0,0.0,0.1155682075677008,2.326089108913342
10.296989093139768,180.11430828992337,35.63098277118608,1.0,0.0,0.6332834869836605,-1.0564130476602005
10.846089546853008,179.71918375069234,35.862779972781134,0.9003479336158124,0.8,0.5582929297937226,-0.9137924547303607
2.242795122052585,449.2178204341569,7.330656581304532,0.4686460741067342,0.7214077997196296,-0.0509278986749531,-2.8775143489968427
4.188034237939586,91.1044435594901,11.799938171590762,1.0,0.8,0.4947186927193637,-1.692306920903559
0.1,449.5813556044432,5.504011653080533,0.0,0.8,0.054696979840073,2.2493189539950453
1.933873420654336,448.10999910024464,3.71467787562539,1.0,0.8,0.7643833708806435,-2.5585324969167145
4.46010087111433,89.55573738744705,9.218808779939646,0.0,0.1924937493802992,1.6916648091241044,1.704552942934491
11.147225305178722,178.46468408531564,35.29794975158461,1.0,0.2382690448045297,0.6490386652926143,-0.1429422238500652
1.4791964098371788,450.92686042444655,5.830563408964635,1.0,0.2149694332914939,-0.02645004396085,2.3629467528936505
5.943660367078918,90.06547657612899,10.759751518595694,0.0,0.4807399916852194,-0.3388284985477667,0.4720833047954107
0.1,449.7776770459408,5.323069579358345,1.0,0.8,-1.498569308009643,0.3911997516194692
2.365663441219139,449.555729119953,5.466179293935582,0.0,0.0,-1.700485177951661,0.1193677848408718
2.774416545549421,448.5794066723091,4.958172183469463,0.0,0.6624776528266114,1.564528898692571,1.584624448289956
10.673054120071546,178.1156122764109,34.02902685811096,0.0,0.1921993236847444,-0.5499082939385078,-1.9268830330198587
4.791255878256005,92.01041188989215,10.465460428506756,0.0,0.0,-0.890864195402926,-0.1957420085539132
3.8784974308104334,90.828723292726,9.04999968825294,0.1018250945453158,0.8,-0.7180090348973565,0.5097006921253167
3.597425507419693,90.02378924895989,10.229636597362196,0.2352047540816354,0.1957213220625137,0.4917195877229006,0.3796521785551912
2.504563303017646,448.5133079572804,4.883937249612526,0.0632560556542412,0.0,-0.4649197262570294,2.961288511606554
4.837866570829021,88.62144136312365,10.995398792963789,0.0,0.6855089862086322,0.0067755429834792,2.605731208201787
4.888141736250653,89.34337416149785,9.17988641535248,1.0,0.2805365739335658,0.2183279298728085,-2.8385135188583863
1.8595708330912124,451.7407296624934,3.163206464585971,0.1248146283938437,0.0,1.8171739486834388,0.5793067941866381
10.939646179493913,178.40551444162134,34.11413137429818,0.7383519705181518,0.8,-0.0416981202854765,-1.061092490079441
9.884981142231252,180.98043865319963,35.5645543265174,0.0,0.0,-0.4357440266199252,-2.8524975757251774
3.374081916172704,90.69827262414124,10.01621534460492,0.0,0.8,0.1411245898635337,1.9115491554542483
3.824767965232465,89.66778250357605,11.257566219390084,1.0,0.0,-0.4672473238571245,-1.7850490401811558
2.684032583999892,448.0774961193373,5.391059021238313,0.2031172206605223,0.8,0.4913811179361106,-0.8265703581023027
10.3529968927243,180.01921924181556,36.214436251684674,0.5566068793473133,0.0871752792858406,0.661409478478279,0.3492612166333417
0.1,450.100426335415,6.499312039334944,0.0,0.7656222115556722,1.2948967643425409,1.9336652984364235
1.2364763400510086,450.42570758914366,6.525100460600755,0.0,0.8,0.0150760293238742,-2.884805291690009
3.0969432648615687,90.11121399486562,8.449060914543878,1.0,0.8,-1.091298158579497,-0.1622770532134585
5.090633559885504,88.85202676577657,7.075588807619931,0.0,0.8,0.6335105761201375,-1.7972407232769565
10.703158794477586,179.24279399012403,34.61026514051528,1.0,0.8,0.2517500865180236,2.886516407658579
0.3159375991269304,450.002601971956,5.770200293285197,0.1417372031688385,0.8,0.4381618375807976,-0.1890539526457004
2.436144950692729,450.5141190005626,7.448577135400102,0.0,0.8,0.8928033349059635,-1.1724270361196585
0.9061506297346198,451.4101005362604,5.88413834948996,0.0,0.7917987304498473,-1.7571597028076782,0.0118450186604568
13.087697124606269,179.30363785738516,33.7183594054332,0.0,0.8,1.576339333932426,-0.9539559991962872
4.780534833475472,90.31742903404046,10.8235190092625,0.0,0.0,-0.1599905325393534,-1.2404782214325023
2.4968698286808344,449.42556753013554,5.39954323864692,0.0922743651095677,0.0,1.5714189179969502,0.2341180172940822
3.302338351061508,450.52987684023975,7.836003960555622,0.808679453828737,0.272324379412043,0.0829592354484202,-0.8375548816396119
5.306790391511607,90.25362297159003,8.790536736489692,0.0,0.8,0.0373153436272249,2.2206382542340317
4.3766432060262295,91.38955216972542,9.712151679583677,0.0,0.0,-1.0508096359194767,-0.8399914025793334
3.627034848306341,89.90146678588829,11.00201753546773,0.8817559505792882,0.0,-0.150314191473151,-1.364658045771158
4.302836474919431,90.87208767919692,11.62650129112167,0.0,0.8,-2.200396148078739,-1.6510004645418737
0.8410545071639308,450.2713940924447,5.1665362056031086,0.0,0.1739361822652191,0.6284309566533912,-0.7345664033379866
2.094088616999296,450.9003004474961,5.915238853834639,0.0,0.8,0.4548254605990576,-0.6015975811313123
5.174338296066635,88.49948098083878,10.628766746633527,0.0,0.6364792055559336,-1.399655766253978,-1.335259383196904
3.8550594791144857,88.38325706591088,9.939231972348647,1.0,0.8,0.4467542465298964,-1.147129117920894
10.08410311341476,179.28807314276398,36.32242688409847,0.8588815155489076,0.0,0.8927190615331679,2.0180799258825823
10.614405783402292,180.8618172221705,35.8124833108086,1.0,0.3868579945135709,-0.2589000986167007,-2.3147116287331357
13.368859523977498,181.71940348493695,35.05889030868231,0.5152778854423681,0.0,0.8016081552466208,0.0180110874651102
12.381348423593517,180.00321802124787,33.705573225393685,0.0,0.0,0.2302059771984282,2.655819494895427
3.4045280336477384,88.71404979462898,9.35649133227214,0.0,0.0,-0.5871555416350245,-2.4562178763610767
4.14476792330808,90.92099073501588,11.454262203201326,1.0,0.0,-0.2192321384660348,2.7156513007865266
13.567252925916236,179.7464359008794,34.33283867431997,1.0,0.8,0.948463018723606,-0.4476320359557837
12.933963240413748,180.33279954877568,33.80564012071773,0.0,0.1009932538778899,-0.4561214671488518,1.233046385648941
0.1,448.5687852639708,3.2692409391093813,0.0,0.8,0.7755538669975545,-2.7644820287530685
12.13583417942442,179.28488807275176,35.96281382289155,1.0,0.219192532576794,-0.1917128031645347,-0.920540411905368
11.796346008002292,179.99391820308264,34.96306685848002,1.0,0.0,0.373724645146601,-2.214379388582313
3.8276161598522793,90.06816363865376,9.197819164580462,0.5472127970830349,0.8,-1.8757321776560816,0.5182912304188854
14.264199260285876,180.97586952533507,33.04068138671196,1.0,0.0,0.9135341918672762,1.5584569872774363
3.9264083417497546,90.20490636270873,9.657987267813338,0.7910904792888436,0.0,-0.0048483346135671,2.990286740785101
11.80032542255246,179.40749428109265,35.017784404620336,0.0,0.8,0.1292001255505852,-0.8623326752783833
2.645114081307569,450.4560539366077,6.069434403672823,0.0871741962570045,0.4119166458554324,-2.165372047598274,1.805953789245402
12.219726402701385,179.75414142711475,34.72087583246698,1.0,0.0,0.2645627883709489,-1.5451831308392547
5.9790802357760064,89.72646643742675,11.286668788188976,0.0,0.0,1.078733338211453,-2.831149593781661
12.664782138151336,182.5164662932968,35.44722788778274,0.6860048981955581,0.0135758680598177,-0.3872420036489792,-0.4003268993118816
1.7205232875984149,450.1322602237667,4.826197646581819,0.5709922735436677,0.5219523362953337,1.190488069169951,-2.5755781171572174
2.1455808342555227,450.99185987958,6.86775302302499,0.093087152169022,0.0,-0.4208072105884203,2.9282833078432056
10.758858712779665,179.75108574985305,37.29576154448872,1.0,0.8,-0.7460180368594687,-0.3013930089858849
2.0876986854858828,89.46168319637438,12.382965018970127,0.33485715959904,0.2113119954567287,0.2600231025550054,0.327109739898002
1.668991034853364,450.2677890332409,4.255214577514575,0.0,0.5092868753813933,-0.4208902262487244,2.992467662925033
3.735450169591856,90.5154303486184,9.572055059925615,0.0,0.0,1.588322825827713,-0.2771621236076029
4.156760063553306,90.45373794599966,11.044975649783764,0.0,0.0,0.912848505102536,2.916229891729074
4.2141832731676665,89.81801506298847,8.738896833907635,1.0,0.0,0.6052472024979301,-1.1570526701188115
0.1,451.55050327421947,5.669095458185529,0.0555680728050258,0.6755984864516975,-0.1682878518884569,-1.8716096328402905
1.1801172466180163,449.82207744987903,6.372311620528317,0.0,0.4418731164669184,-0.56670446856855,0.5554146147017023
13.077405355903222,178.5696782183873,35.02049974589698,0.4550898185761959,0.0,1.2339908378767463,-1.7994877367657995
12.91195551435652,180.1358021444869,34.512525472058435,1.0,0.8,1.931622095152941,2.190172098395436
4.19857544593774,88.8681644423948,10.781143821528255,1.0,0.8,0.2515159216547778,-0.2515951207585161
2.198180759474015,450.703393371168,5.753532239622433,0.8337158447712275,0.8,-2.433335264236018,2.195305986804126
12.731112003488962,179.12500455377764,34.45208667389317,0.4069082495992715,0.5937849439786613,1.2446744273600778,-0.2631503639310137
12.368092346550474,180.6801475991124,35.02933077699107,0.2988128592861474,0.8,-0.276025053771559,-2.990587802169383
2.915768905106347,449.43596964417554,4.726108828338865,1.0,0.0,-0.6522734491748035,0.3748749110841087
1.35431052929398,450.5987529521129,5.186206504962897,0.0,0.0,0.9950693952056956,-0.772249382801339
12.143802532580285,178.7098306238093,33.572691244945794,1.0,0.0,0.1919495070707099,-1.884923204586354
4.126384651842627,90.97020229009728,11.079761349393404,1.0,0.0,-0.853629977278413,1.8140115697974863
4.727716107715589,90.5139408016236,9.281370022582848,0.0,0.0,0.054861814749129,-2.657861602484965
10.07506442425822,179.9260752503555,35.74356566040034,0.3495729933928173,0.1547004357582729,0.2811240390522241,-2.1662423263017203
14.081203059282076,179.89115206830218,35.193146484394184,0.6500764514990015,0.8,-0.7535508617689625,0.4394701663719735
0.8385064567328362,449.8614679151521,5.485319464843695,0.0,0.8,1.4142398296611294,-0.9823396754420024
2.712423184173373,448.37169836942695,4.465674073210094,0.0,0.8,0.3736221375873784,-0.8557688671257551
11.923023354301492,180.2760230560419,32.632904141152004,0.7060669627786483,0.3166816398036603,0.0279626356061161,2.2317495920572803
2.901963093199907,90.41965225820158,8.93224892459447,0.0,0.2997055666821499,0.5525828619541088,1.088994924472905
2.658996177922484,449.3678866919682,5.3591026335927765,0.0,0.0,0.83780983385836,-2.836998607091358
5.004432720440356,90.83389854181232,9.061561006432484,0.0,0.8,-1.0308972783869592,-0.2881401601414559
4.771173964946071,88.39800021560482,8.894479513802317,0.8650982140361552,0.7858976142568288,0.8295425209855191,2.321119395081217
10.830898361869709,179.7985151923896,34.759332009550825,0.0,0.4041487772946197,-1.7560636421936182,0.1364675642064132
0.2338546337987495,449.8985815655472,6.367541165846796,0.0,0.0,-0.3862405400225186,0.0043012421282457
2.676680304505332,448.07575337463993,4.886169492106768,0.3936153711089879,0.0,-1.0810713700080037,2.2818481175602123
10.572095878868758,180.7384450120745,34.91543834663748,1.0,0.8,-1.168292648688932,-1.812836322773564
5.608708136339861,90.49206916795713,9.976447718243143,1.0,0.0,-0.2947793426109483,-2.6355327712766394
3.128026324229729,88.85162750838684,10.468386866359658,1.0,0.5378892680882038,-0.0655211397371732,0.4189635979176724
12.998422390153006,179.74154880051273,35.691109631607496,1.0,0.0,-0.8094519411896035,1.4038209688282706
2.1151625780416743,450.2456001384249,4.773822058778242,1.0,0.8,0.2080554957476984,1.9815527263578487
11.801572586745136,180.30313467193997,35.99987962133578,0.885021792683186,0.2478964930300259,0.2499653326749546,-1.6073826052102949
2.018611054407282,451.2482599519133,6.401070180443115,0.0,0.1487977447654445,0.9586468199097976,1.3813760217871272
5.485842703394408,89.2188184875405,9.540312031914253,0.0933449951469845,0.1635181993842143,0.2405898144666304,-1.619968169733351
11.795879199562677,180.76863734775247,34.52557293730234,0.0,0.8,-2.634435932344071,-1.9767856986490984
13.123528693099209,179.3720090789388,33.88212701471365,0.7777298750482133,0.8,-0.0217150766307925,1.602709945575497
3.205063280852088,91.51362571885038,10.561603761431714,0.0,0.0,-1.3823349426464695,1.6918429165049913
10.460923147070403,180.4848843889132,36.72757525096601,0.0145804233978995,0.107989381710041,-0.3052678144809847,-1.48443871780798
4.4735772055252685,89.49163165364529,8.63389286656384,0.0,0.498631796465014,-0.228470649892569,1.6670587836062465
2.8282530866149163,449.9539259420873,6.906988192000563,0.0,0.2468847520884269,0.3833646871098335,2.5788120827282164
2.159842160109995,451.0631087115474,4.84472723541854,0.4291145953539023,0.0,1.1600481104593956,0.6792530182438883
1.7587337989924203,451.0047990425904,5.906533028581174,0.1010562058215917,0.2672043006672234,-0.9969456770542569,-0.1174917178070096
12.258954211422845,180.23842696052097,34.2838581422706,1.0,0.0,2.1159785997005818,2.7629362936952457
4.659119375397275,89.50943070532341,10.315171259465457,0.0,0.0,1.090392999630493,-2.590199791307025
12.880366209667878,177.93990464879357,36.29761025375716,0.0,0.8,0.9970243648620122,2.3105636603941413
4.33509804013109,88.33754721039,8.232381225578527,0.04568275416356,0.0,-0.1709057347698132,-1.8644367802617408
4.922721184984475,88.83351419069841,9.525395210576177,0.4011804673493454,0.0,-1.1103821973748973,2.2477631990450577
11.362358726374463,180.2788216166365,32.7607157931555,1.0,0.0,2.612766699428079,-0.5348592475787561
0.8123564106675183,448.5446628406658,4.405842782311439,0.323436941558322,0.8,0.9981425656169298,1.1067812210362629
1.8603870827070783,448.88871978665696,5.5543642601158565,0.2936605092742451,0.8,-0.2759865559970118,-0.581547056753843
1.4436800672180006,449.8738107611322,6.764327663303748,0.3412718725044648,0.8,0.9282219169648064,0.5970373633757928
2.731687111651625,450.6196107530503,4.292596339924932,0.0,0.8,0.212665476995933,-1.219821821796491
1.4842447294311896,450.1803835679055,4.356140863167951,0.0,0.7761420501668442,-1.6558209272365647,2.038244385299585
11.811774131862212,180.1174621895309,35.41596537264292,0.0,0.8,1.270664284790864,1.5333297183414611
5.485550239892387,91.6629758953978,11.634962287623098,1.0,0.8,0.5901297434774172,-2.5518682605340324
2.1425103331992417,449.9817009223315,6.324965033600041,1.0,0.6345299941570908,1.008066742346187,-2.9601898042702066
13.245432623627444,180.5198666051154,33.21011576580129,1.0,0.0,0.4729313310427668,1.0537484606209997
10.344113103156626,179.81226175931465,35.39732610376984,1.0,0.0,0.2412386639083242,2.0472364832744017
12.689011255295055,179.6186998844336,35.770891877749726,0.3069180785996496,0.8,0.3535342460646967,2.0764763362126955
1.0837999615253715,448.7550114456924,6.485972333011553,1.0,0.0,-0.7722115354152317,1.5493567490325102
11.56494536216094,180.6622400566472,34.79265701917749,1.0,0.2371345509518322,0.6152627683462348,-2.4235140571906983
3.4026871007828614,89.98137381842037,10.4697052711468,0.5776414106788297,0.1026996936716247,0.7903712128432924,-2.5615840990894254
2.162298400354349,450.4691881935896,7.058600751025835,0.0,0.0,0.2960562165107625,-1.3670284762797136
4.311648564824178,89.71888001342953,11.872132271331918,1.0,0.2021297549842978,0.8874178346541451,-1.0129739753289022
1.1092876026525955,450.6135556914919,4.901492910669472,0.0,0.8,0.7308026147102585,2.955958508647658
1.3772399937872,450.6108567576647,6.800630503094902,0.0,0.0,-0.9737088510195312,-1.441396125343361
4.416938538280847,91.01845954371736,8.220396280471022,0.0,0.0,-0.4022514562540763,1.692835794478226
2.492995656735872,450.99040608435257,5.756011823845654,1.0,0.109844871269969,0.2058601675981266,-0.4918380759834626
1.1422296961541845,450.3771318972286,6.77908257626152,0.4004659244252712,0.0,0.0970855816027921,-1.3532168911646438
0.4478087392624479,449.9068014987013,5.987111222670522,0.0,0.609204502365447,0.0188181244992473,-2.717228587699536
5.219766151306107,87.51801904997356,10.959396470993438,0.2261239675285735,0.8,-0.3304850979530977,2.9550936330964
11.365506089446551,180.09709646765344,36.9678017615902,0.0,0.0,-1.094471107413227,-1.827707226290516
0.7126921245543958,448.2553517258078,6.95643468462203,0.0181075546998575,0.0,-0.0970214389300665,1.6619769185359576
11.738522206359752,179.63418286099898,34.98018060879603,0.2633812874060218,0.5222595855420182,-1.1569007568601313,-0.6700974362370542
3.856121912223656,448.6945827503209,7.266584917254368,0.0,0.8,-0.5221877013307111,0.3729320915331384
11.578217849761431,179.5436607981892,35.50314401237117,1.0,0.1584316207942292,0.0592868725555236,2.9156373821693755
11.900136144779529,181.00784716176605,35.62778854469563,0.5550035759478259,0.4094579319363857,0.1576272543011827,2.577893049251468
